{
  "App.jsx": 1779428907.0140631,
  "main.jsx": 1774767288.606916,
  "vite.config.js": 1778841517.410957,
  "components\\AlertCard.jsx": 1779405265.6597006,
  "components\\AlertSection.jsx": 1777307812.5984375,
  "components\\CarPhotoGuide.jsx": 1774522292.946823,
  "components\\ContractDetailPanel.jsx": 1780057178.6363008,
  "components\\contractPanelParts.jsx": 1780057033.5875516,
  "components\\DocumentExpiryAlert.jsx": 1778080077.2633488,
  "components\\DocumentMismatchModal.jsx": 1778115261.646775,
  "components\\LanguageSelector.jsx": 1776790985.0341108,
  "components\\LeadModal.jsx": 1780056190.696183,
  "components\\ProlongationBanner.jsx": 1780056217.4230568,
  "components\\ProlongationDialog.jsx": 1780056119.9318101,
  "components\\Sidebar.jsx": 1780057229.2408912,
  "components\\SmartQuotePanel.jsx": 1779428211.720893,
  "hooks\\useLeads.js": 1777307812.671249,
  "lib\\api.js": 1779389060.0329537,
  "lib\\db.js": 1778803900.0530214,
  "lib\\fleetConfigDefaults.js": 1776271771.6381261,
  "lib\\i18n.js": 1779428836.5401363,
  "lib\\newRentalDraft.js": 1778840679.1553965,
  "lib\\ocr.js": 1774856498.026322,
  "lib\\signing.js": 1774859184.6371515,
  "lib\\supabase.js": 1776382234.4509957,
  "lib\\UserContext.js": 1779390961.9321802,
  "pages\\Accounting.jsx": 1778708505.2236874,
  "pages\\Auth.jsx": 1778840501.2308457,
  "pages\\Basket.jsx": 1779405262.0039668,
  "pages\\Calendar.jsx": 1778708505.229472,
  "pages\\Clients.jsx": 1778803763.921191,
  "pages\\Confidentialite.jsx": 1779428847.70045,
  "pages\\Contracts.jsx": 1780057121.9123912,
  "pages\\ContractSuccess.jsx": 1779966070.940033,
  "pages\\Dashboard.jsx": 1778803783.4115937,
  "pages\\Documents.jsx": 1777307812.671249,
  "pages\\Fleet.jsx": 1778708505.2317786,
  "pages\\FleetMap.jsx": 1775935284.3554366,
  "pages\\Invoices.jsx": 1778803824.9098203,
  "pages\\Network.jsx": 1778708505.2338321,
  "pages\\NewRental.jsx": 1778708505.2338321,
  "pages\\Onboarding.jsx": 1778115044.5424693,
  "pages\\OtherPages.jsx": 1774858861.2837868,
  "pages\\Reservations.jsx": 1778197008.7418761,
  "pages\\Restitution.jsx": 1778708505.2338321,
  "pages\\RestitutionPicker.jsx": 1776790985.032105,
  "pages\\Settings.jsx": 1778115113.9582531,
  "pages\\SignContract.jsx": 1778773887.8339524,
  "pages\\WelcomeScreen.jsx": 1777378742.1187441,
  "pages\\accounting\\accountingStyles.js": 1775203577.8545933,
  "pages\\accounting\\AgedReceivablesView.jsx": 1775204033.9456353,
  "pages\\accounting\\BarChart.jsx": 1775203604.3344655,
  "pages\\accounting\\KpiCard.jsx": 1775203591.577437,
  "pages\\accounting\\Modal.jsx": 1775203585.7443955,
  "pages\\accounting\\PnLView.jsx": 1775203621.0555024,
  "pages\\accounting\\TabDashboard.jsx": 1775935284.357129,
  "pages\\accounting\\TabDeposits.jsx": 1775935284.3582325,
  "pages\\accounting\\TabJournal.jsx": 1775935284.3587646,
  "pages\\accounting\\TabPlanComptable.jsx": 1775935284.359287,
  "pages\\accounting\\UtilizationView.jsx": 1775204016.2833762,
  "pages\\fleet\\AmortissementTab.jsx": 1776268145.9100504,
  "pages\\fleet\\constants.js": 1776271826.0830166,
  "pages\\fleet\\DeadlineBadge.jsx": 1776267987.8255835,
  "pages\\fleet\\DeadlinesTab.jsx": 1776271839.2872703,
  "pages\\fleet\\InlineRepairsSection.jsx": 1776268092.3314135,
  "pages\\fleet\\PlateInput.jsx": 1775203476.1836636,
  "pages\\fleet\\ReferencePhotosSection.jsx": 1775204014.609856,
  "pages\\fleet\\RentalsTab.jsx": 1775203620.2178023,
  "pages\\fleet\\RepairsTab.jsx": 1776268107.2242444,
  "pages\\fleet\\VehicleDetail.jsx": 1777378741.5783527,
  "pages\\fleet\\VehicleEditForm.jsx": 1776288259.673025,
  "pages\\legal\\PrivacyPolicy.jsx": 1777674499.5600944,
  "pages\\rental\\CarDiagram.jsx": 1777378743.315195,
  "pages\\rental\\ClientAlerts.jsx": 1775203568.2485378,
  "pages\\rental\\ContractStep.jsx": 1778803875.6833465,
  "pages\\rental\\PhotoStep.jsx": 1778708505.2392151,
  "pages\\rental\\RentalStep.jsx": 1778708505.2392151,
  "pages\\rental\\ScanStep.jsx": 1778772927.9770775,
  "pages\\rental\\StepBar.jsx": 1778708505.2440436,
  "pages\\rental\\StepButtons.jsx": 1777037706.3032272,
  "pages\\rental\\review\\AwaitingSignatureBanner.jsx": 1778611059.0314796,
  "pages\\rental\\review\\PostFinalSendModal.jsx": 1778611059.032478,
  "pages\\rental\\review\\SignChannelModal.jsx": 1778611059.0334775,
  "pages\\reservations\\FilterBar.jsx": 1778196970.383213,
  "pages\\reservations\\ReservationDetailsPanel.jsx": 1778196955.2254043,
  "pages\\reservations\\ReservationsTable.jsx": 1778196996.4016247,
  "pages\\reservations\\SourceChannelBadge.jsx": 1778196928.2335334,
  "pages\\reservations\\StatusBadge.jsx": 1778196935.7122235,
  "pages\\restitution\\AiDamagePanel.jsx": 1776383033.606253,
  "pages\\restitution\\generateRestitutionPDF.js": 1775470551.2508166,
  "pages\\restitution\\Step1Return.jsx": 1778708505.2440436,
  "pages\\restitution\\Step2Photos.jsx": 1775204049.7576017,
  "pages\\restitution\\Step3Damages.jsx": 1778708505.2460523,
  "pages\\restitution\\Step4Closure.jsx": 1778708505.2484248,
  "pages\\settings\\AgenceTab.jsx": 1778708505.2484248,
  "pages\\settings\\FleetConfigTab.jsx": 1778708505.2529337,
  "pages\\settings\\GeneralConfigTab.jsx": 1778708505.2543638,
  "pages\\settings\\IntegrationsTab.jsx": 1779391117.1237512,
  "pages\\settings\\PrivacyTab.jsx": 1779799601.6781247,
  "pages\\settings\\RentalOptionsSection.jsx": 1778708505.2543638,
  "pages\\settings\\SignatureSection.jsx": 1778708505.2585485,
  "pages\\settings\\TeamTab.jsx": 1778708505.2593322,
  "pages\\settings\\TelematicsTab.jsx": 1778708505.2613401,
  "pages\\settings\\WhatsAppPanel.jsx": 1779389092.7472763,
  "scripts\\seed-fleet-config-all.js": 1776272255.2000668,
  "server\\index.js": 1779800415.853274,
  "server\\lib\\anonymize.js": 1778802735.6766236,
  "server\\lib\\contractSigning.js": 1778840653.217331,
  "server\\lib\\conversation.js": 1777307812.6822536,
  "server\\lib\\encryption.js": 1778802904.2237487,
  "server\\lib\\encryption.test.js": 1778802648.781781,
  "server\\lib\\inboundPipeline.js": 1777307812.6822536,
  "server\\lib\\offerMessage.js": 1779428087.5361717,
  "server\\lib\\pushNotifications.js": 1779038317.649715,
  "server\\lib\\reservationFilters.js": 1778196799.4195974,
  "server\\lib\\supabaseAdmin.js": 1774976272.8126838,
  "server\\lib\\transcribe.js": 1779405182.4794605,
  "server\\lib\\triage.js": 1779798410.3295267,
  "server\\lib\\triage.test.js": 1779798425.3159578,
  "server\\lib\\twilioClient.js": 1779407111.1586952,
  "server\\lib\\unsignedContractPdf.js": 1779019509.8801425,
  "server\\lib\\vehicleMapper.js": 1777307812.6822536,
  "server\\lib\\baileys\\authState.js": 1779388618.7514858,
  "server\\lib\\baileys\\sessionManager.js": 1779712361.334461,
  "server\\lib\\baileys\\sessionManager.test.js": 1779389975.9384048,
  "server\\middleware\\auth.js": 1778840234.9940054,
  "server\\routes\\admin.js": 1779799639.4961812,
  "server\\routes\\admin.test.js": 1777814154.220436,
  "server\\routes\\agency.js": 1778840485.1016517,
  "server\\routes\\ai.js": 1778840698.0082097,
  "server\\routes\\clients.js": 1778932963.1041384,
  "server\\routes\\contracts.js": 1779388884.1602085,
  "server\\routes\\email.js": 1779967075.587908,
  "server\\routes\\gmail.js": 1779390888.0172806,
  "server\\routes\\health.js": 1775941892.412546,
  "server\\routes\\leads.js": 1780076441.0864367,
  "server\\routes\\network.js": 1779047843.8804107,
  "server\\routes\\ocr.js": 1778840303.6217997,
  "server\\routes\\reservations.js": 1778840430.8885322,
  "server\\routes\\team.js": 1778838173.108979,
  "server\\routes\\telemetry.js": 1776179239.72226,
  "server\\routes\\whatsapp.js": 1779428129.2018898,
  "server\\scripts\\cleanupPendingDemands.js": 1777813446.9879975,
  "server\\scripts\\cleanupPendingDemands.test.js": 1777813538.6361842,
  "server\\scripts\\enforceRetention.js": 1778800273.2517736,
  "server\\scripts\\enforceRetention.test.js": 1778800304.301462,